FolderName,ModelName,DoExportIf(1),DoModifyIf(1)
SWC_01_03_STAT_ObcStateMan,STAT_ObcStateMan,1,1
SWC_01_04_Wakeup_Reason_Judgement,Wakeup_Reason_Judgement,1,1
SWC_01_05_Reprogramming,Reprogramming,1,1
SWC_01_10_Reset_Judgement,Reset_Judgement,1,1
SWC_01_11_STAT_ModeJudgement,STAT_ModeJudgement,1,1
SWC_01_12_STAT_DetectDrivingMode,STAT_DetectDrivingMode,1,1
SWC_01_13_STAT_Info_FaultDetection,STAT_Info_FaultDetection,1,1
SWC_02_01_DIAG_FaultCtrl,DIAG_FaultCtrl,1,1
SWC_02_06_Fault_Recovery_Control,Fault_Recovery_Control,1,1
SWC_02_10_OBD2_Output,OBD2_Output,1,1
SWC_03_01_CHPC_DeratingACC,CHPC_DeratingACC,1,1
SWC_03_02_CHPC_CalcPower,CHPC_CalcPower,1,1
SWC_03_04_CHPC_ChgPerform,CHPC_ChgPerform,1,1
SWC_03_05_CHPC_Derating_DCCurr,CHPC_Derating_DCCurr,1,1
SWC_03_06_HVDC_Max_Calculation,HVDC_Max_Calculation,1,1
SWC_04_01_FLAP_FlapState,FLAP_FlapState,0,0
SWC_04_02_FLAP_Actuation,FLAP_Actuation,0,0
SWC_04_03_FLAP_FaultDetection,FLAP_FaultDetection,0,0
SWC_05_01_EVSE_ProxDetect,EVSE_ProxDetect,1,1
SWC_05_02_EVSE_CPDutyMeasure,EVSE_CPDutyMeasure,1,1
SWC_05_03_EVSE_ProxVoltMeasure,EVSE_ProxVoltMeasure,1,1
SWC_05_04_EVSE_CPStateMan,EVSE_CPStateMan,1,1
SWC_05_05_EVSE_ACContactorS2req,EVSE_ACContactorS2req,1,1
SWC_05_06_EVSE_ACContactorState,EVSE_ACContactorState,1,1
SWC_05_07_EVSE_FaultDetection,EVSE_FaultDetection,1,1
SWC_05_08_EVSE_ACMax,EVSE_ACMax,1,1
SWC_05_10_EVSE_CPVoltMeasure,EVSE_CPVoltMeasure,1,1
SWC_05_15_EVSE_CCConnectStatus,EVSE_CCConnectStatus,1,1
SWC_05_16_EVSE_S2SwitchState,EVSE_S2SwitchState,1,1
SWC_05_17_EVSE_ACMax_CP,EVSE_ACMax_CP,1,1
SWC_06_04_HVC_HVAC_FaultDetection,HVC_HVAC_FaultDetection,1,1
SWC_06_05_HVC_HVDC_FaultDetection,HVC_HVDC_FaultDetection,1,1
SWC_06_14_HVC_ACInputCtrl,HVC_ACInputCtrl,1,1
SWC_06_17_HVC_HVDCSen_FaultDetection,HVC_HVDCSen_FaultDetection,1,1
SWC_06_18_HVC_HVACSen_FaultDetection,HVC_HVACSen_FaultDetection,1,1
SWC_06_20_HVC_Bulk_Discharge,HVC_Bulk_Discharge,1,1
SWC_07_02_TEMP_OverheatDetect,TEMP_OverheatDetect,1,1
SWC_07_03_TEMP_FaultDetection,TEMP_FaultDetection,1,1
SWC_08_01_CPL_Actuation,CPL_Actuation,0,0
SWC_08_02_CPL_FaultDetection,CPL_FaultDetection,0,0
SWC_08_03_CPL_CouplerState,CPL_CouplerState,0,0
SWC_10_02_SUB_PowerSave,SUB_PowerSave,1,1
SWC_14_11_ECU_FaultDetection,ECU_FaultDetection,1,1
SWC_16_01_CAN_Message_Sender,CAN_Message_Sender,0,0
SWC_16_03_CAN_Bus_State_Management,CAN_Bus_State_Management,1,1
SWC_16_04_CAN_Bus_Control,CAN_Bus_Control,1,1
SWC_16_05_CAN_Fault_Detection,CAN_Fault_Detection,1,1
SWC_19_02_DCB_EvseDetection,DCB_EvseDetection,1,1
SWC_19_03_DCB_ACMax,DCB_ACMax,1,1
SWC_19_04_DCB_FLAP_FlapState,DCB_FLAP_FlapState,0,0
SWC_19_05_DCB_S2SwitchStatJudgement,DCB_S2SwitchStatJudgement,1,1
SWC_19_06_DCB_CanMessageSender,DCB_CanMessageSender,1,1
SWC_19_07_DCB_CanMessageReceiver,DCB_CanMessageReceiver,1,1
SWC_19_08_DCB_CPL_CouplerState,DCB_CPL_CouplerState,0,0
SWC_19_09_DCB_FaultDetection,DCB_FaultDetection,1,1
SWC_19_10_DCB_CcConnectStatus,DCB_CcConnectStatus,1,1
